<?xml version="1.0" encoding="UTF-8"?>
<beans xmlns="http://www.springframework.org/schema/beans"
	xmlns:xsi="http://www.w3.org/2001/XMLSchema-instance"
	xmlns:aop="http://www.springframework.org/schema/aop"
	xmlns:mvc="http://www.springframework.org/schema/mvc"
	xmlns:context="http://www.springframework.org/schema/context"
	xsi:schemaLocation="http://www.springframework.org/schema/mvc http://www.springframework.org/schema/mvc/spring-mvc-4.3.xsd
		http://www.springframework.org/schema/beans https://www.springframework.org/schema/beans/spring-beans.xsd
		http://www.springframework.org/schema/context http://www.springframework.org/schema/context/spring-context-4.3.xsd
		http://www.springframework.org/schema/aop http://www.springframework.org/schema/aop/spring-aop-4.3.xsd">

	<!-- servlet-context.xml -->

	<mvc:annotation-driven />
	<mvc:default-servlet-handler />
	
	  
    <mvc:interceptors>
    	<mvc:interceptor>
    		<mvc:mapping path="/mypage"/>
    		<mvc:mapping path="/CartAddServlet"/>
    		<mvc:mapping path="/LogoutServlet"/>
    		<mvc:mapping path="/CartListServlet"/>
    		  <ref bean="LoginHandlerInterceptor"/>
    		  <!-- @Component("LoginHandlerInterceptor") 필수-->	
    	</mvc:interceptor>
    </mvc:interceptors>


	<!-- jsp 전담 ViewResolever -->
	<bean id="jsp"
		class="org.springframework.web.servlet.view.InternalResourceViewResolver">
		<property name="prefix" value="/WEB-INF/views/"></property>
		<property name="suffix" value=".jsp"></property>
	</bean>

	<!-- controller, service, dao 등록 -->
	<context:component-scan base-package="com.*" />

	<!-- 정적자원 경로 지정 -->
  	<mvc:resources location="/WEB-INF/css/" mapping="/css/**"></mvc:resources>
  	<mvc:resources location="/WEB-INF/js/" mapping="/js/**"></mvc:resources>
  	<mvc:resources location="/WEB-INF/images/" mapping="/images/**"></mvc:resources>
    
</beans>
