<?xml version="1.0" encoding="UTF-8"?>
<beans xmlns="http://www.springframework.org/schema/beans"
	xmlns:xsi="http://www.w3.org/2001/XMLSchema-instance"
	xmlns:context="http://www.springframework.org/schema/context"
	xmlns:tx="http://www.springframework.org/schema/tx"
	xmlns:aop="http://www.springframework.org/schema/aop"
	xsi:schemaLocation="http://www.springframework.org/schema/beans https://www.springframework.org/schema/beans/spring-beans.xsd
		http://www.springframework.org/schema/context http://www.springframework.org/schema/context/spring-context-4.3.xsd
		http://www.springframework.org/schema/aop http://www.springframework.org/schema/aop/spring-aop-4.3.xsd
		http://www.springframework.org/schema/tx http://www.springframework.org/schema/tx/spring-tx-4.3.xsd">

	<!-- Root Context: defines shared resources visible to all other web components -->

	<!--/* mybatis 연동 */-->
	
	<!-- 1. jdbc.properties 등록 -->
	<context:property-placeholder
		location="classpath:com/config/jdbc.properties"></context:property-placeholder>

	<!--2. DBCP 등록 -->
	<bean id="basicDataSource"
		class="org.apache.commons.dbcp2.BasicDataSource">
		<property name="driverClassName" value="${jdbc.driver}" />
		<property name="url" value="${jdbc.url}" />
		<property name="username" value="${jdbc.userid}" />
		<property name="password" value="${jdbc.passwd}" />
	</bean>

	<!-- 트랜잭션 처리 (tx 네임스페이스 등록) -->
	<tx:annotation-driven
		transaction-manager="txManager" />
	<bean id="txManager"
		class="org.springframework.jdbc.datasource.DataSourceTransactionManager">
		<!-- (this dependency is defined somewhere else) -->
		<property name="dataSource" ref="basicDataSource" />
	</bean>

	<!-- 3. SQlSessionFactoryBean 얻기 -->
	<bean id="sessionFactoryBean"
		class="org.mybatis.spring.SqlSessionFactoryBean">
		<property name="dataSource" ref="basicDataSource" />
		<!-- Mapper 위치  -->
		<property name="mapperLocations">
			<list>
				<value>classpath:com/config/MemberMapper.xml</value>
				<value>classpath:com/config/CartMapper.xml</value>
				<value>classpath:com/config/GoodsMapper.xml</value>
				<value>classpath:com/config/OrderMapper.xml</value>
			</list>
		</property>
		<!--DTO 별칭 -->
		<property name="typeAliases">
			<list>
				<value>com.dto.MemberDTO</value>
				<value>com.dto.GoodsDTO</value>
				<value>com.dto.CartDTO</value>
				<value>com.dto.OrderDTO</value>
			</list>
		</property>
	</bean>

	<!-- 4. SqlSessionTemplate 얻기 -->
	<bean id="sessionTemplate"
		class="org.mybatis.spring.SqlSessionTemplate">
		<constructor-arg name="sqlSessionFactory"
			ref="sessionFactoryBean"></constructor-arg>
	</bean>

</beans>
